{
	"version": "0.3.18", 
	"suite": "unknown_suite", 
	"function_id": 1, 
	"function_name": "Sphere", 
	"maximization": false, 
	"algorithm": {"name": "rembo", "info": "algorithm_info"},
	"attributes": ["evaluations", "raw_y"],
	"scenarios": [
		{"dimension": 10,
		"path": "data_f1_Sphere/IOHprofiler_f1_DIM10.dat",
		"runs": [
			{"instance": 1, "evals": 100, "best": {"evals": 99, "y": 22.03517074247275, "x": [0.07477817115714867, 0.8321956102771276, -0.2863739737600655, 0.7938665431975083, -1.0563755934904386, -0.5132003778664331, 0.3526320721593982, 0.20246465958122764, 0.26619443670685417, -0.02204077940838369]}},
			{"instance": 1, "evals": 100, "best": {"evals": 95, "y": 21.794710997060818, "x": [-0.4022210552568914, -0.14259668568844805, -0.056990846380789585, -0.2045213901061736, -0.32102710421157815, -0.48974613778524373, -1.1717176943483782, 0.8148887984312235, -0.5720198217458566, -0.5634960540449819]}},
			{"instance": 1, "evals": 100, "best": {"evals": 28, "y": 24.04372200272676, "x": [-0.2674349177794036, 0.05234497259693088, -0.2853963544434258, -0.20387948634984326, -0.08934892376097901, -0.33895503844322483, 0.3941173081697729, -0.5427238771391, 0.047806830301239785, -0.4591732525885926]}},
			{"instance": 1, "evals": 100, "best": {"evals": 83, "y": 23.860345741897248, "x": [0.03456872261832885, -0.5972423889086751, 0.2554403436950199, 0.4039592470069426, -0.0904580993424067, 0.3425089573678313, 0.18534459200465844, 0.008703703022020916, 0.6229948377479227, -0.1720856678782317]}}
		]}
	]
}
